obj_id,source_token,occurred_at,subj_id,id,evidence_record,terms,action,source_id,timestamp,relation_type_id,subj.pid,subj.work-type,subj.url,obj.pid,obj.url,license,updated_reason,updated,updated_date,subj.type,subj.title,subj.issued,message_action,subj.original-tweet-url,subj.original-tweet-author,subj.alternative-id,subj.author.url
https://doi.org/10.12688/wellcomeopenres.10004.1,d9c55bad-73db-4860-be18-520d3891b01f,2017-03-21T12:48:36Z,http://www.citeulike.org/group/16008/,a8510822-62b2-41d8-b788-643c4434646a,https://evidence.eventdata.crossref.org/evidence/20170321-web-ecd70b97-0422-4084-942d-792ccfd8adf8,https://doi.org/10.13003/CED-terms-of-use,add,web,2017-03-21T12:50:27Z,mentions,http://www.citeulike.org/group/16008/,webpage,http://www.citeulike.org/group/16008/,https://doi.org/10.12688/wellcomeopenres.10004.1,https://doi.org/10.12688/wellcomeopenres.10004.1,,,,,,,,,,,,
https://doi.org/10.12688/wellcomeopenres.10004.1,d9c55bad-73db-4860-be18-520d3891b01f,2017-03-21T12:48:36Z,http://www.citeulike.org/group/16008/,eae234da-1ae6-4c86-b1ad-eb94b1cc4ba9,https://evidence.eventdata.crossref.org/evidence/20170321-web-ecd70b97-0422-4084-942d-792ccfd8adf8,https://doi.org/10.13003/CED-terms-of-use,add,web,2017-03-21T12:50:33Z,mentions,http://www.citeulike.org/group/16008/,webpage,http://www.citeulike.org/group/16008/,https://doi.org/10.12688/wellcomeopenres.10004.1,http://dx.doi.org/10.12688/wellcomeopenres.10004.1,,,,,,,,,,,,
https://doi.org/10.12688/wellcomeopenres.10004.1,d9c55bad-73db-4860-be18-520d3891b01f,2017-03-21T12:48:36Z,http://www.citeulike.org/group/16008/,e17de67f-568e-4728-abe9-6e504b2e294a,https://evidence.eventdata.crossref.org/evidence/20170321-web-ecd70b97-0422-4084-942d-792ccfd8adf8,https://doi.org/10.13003/CED-terms-of-use,add,web,2017-03-21T12:50:38Z,mentions,http://www.citeulike.org/group/16008/,webpage,http://www.citeulike.org/group/16008/,https://doi.org/10.12688/wellcomeopenres.10004.1,http://dx.doi.org/10.12688/wellcomeopenres.10004.1,,,,,,,,,,,,
https://doi.org/10.12688/wellcomeopenres.12051.1,93df90e8-1881-40fc-b19d-49d78cc9ee24,2017-08-04T11:53:39Z,https://wellcomeopenresearch.org/articles/2-59/v1,ff7dab04-0e89-4d91-8107-df2bc374a970,https://evidence.eventdata.crossref.org/evidence/20170805-reddit-links-aa84a09b-82dc-4286-a7c3-1683afb29ef7,https://doi.org/10.13003/CED-terms-of-use,add,reddit-links,2017-08-05T09:13:18Z,discusses,https://wellcomeopenresearch.org/articles/2-59/v1,,https://wellcomeopenresearch.org/articles/2-59/v1,https://doi.org/10.12688/wellcomeopenres.12051.1,https://doi.org/10.12688/wellcomeopenres.12051.1,https://creativecommons.org/publicdomain/zero/1.0/,https://evidence.eventdata.crossref.org/announcements/2017-10-06T00-00-00Z-ED-12.json,edited,2017-10-13T21:56:46.815Z,,,,,,,,
https://doi.org/10.12688/wellcomeopenres.12051.1,93df90e8-1881-40fc-b19d-49d78cc9ee24,2017-08-04T11:53:39Z,https://wellcomeopenresearch.org/articles/2-59/v1,6e93283d-c759-4baa-b852-38c11621aa05,https://evidence.eventdata.crossref.org/evidence/20170805-reddit-links-aa84a09b-82dc-4286-a7c3-1683afb29ef7,https://doi.org/10.13003/CED-terms-of-use,add,reddit-links,2017-08-05T09:13:19Z,discusses,https://wellcomeopenresearch.org/articles/2-59/v1,,https://wellcomeopenresearch.org/articles/2-59/v1,https://doi.org/10.12688/wellcomeopenres.12051.1,http://dx.doi.org/10.12688/wellcomeopenres.12051.1,https://creativecommons.org/publicdomain/zero/1.0/,https://evidence.eventdata.crossref.org/announcements/2017-10-06T00-00-00Z-ED-12.json,edited,2017-10-13T21:56:48.596Z,,,,,,,,
https://doi.org/10.12688/wellcomeopenres.12051.1,a6c9d511-9239-4de8-a266-b013f5bd8764,2017-08-04T11:53:39Z,https://reddit.com/r/science/comments/6rjyk6/community_engagement_for_the_rapid_elimination_of/,081d3971-df8d-4c03-9c33-9971a14c6bb9,https://evidence.eventdata.crossref.org/evidence/20171114-reddit-4c72913a-e87e-41de-813f-13afb2fa6087,https://doi.org/10.13003/CED-terms-of-use,add,reddit,2017-11-14T21:34:19Z,discusses,https://reddit.com/r/science/comments/6rjyk6/community_engagement_for_the_rapid_elimination_of/,,https://reddit.com/r/science/comments/6rjyk6/community_engagement_for_the_rapid_elimination_of/,https://doi.org/10.12688/wellcomeopenres.12051.1,https://wellcomeopenresearch.org/articles/2-59/v1,https://creativecommons.org/publicdomain/zero/1.0/,,,,post,"Community engagement for the rapid elimination of malaria: the case of Kayin State, Myanmar",2017-08-04T11:53:39Z,,,,,
https://doi.org/10.12688/wellcomeopenres.9935.1,28276d12-b320-41ba-9272-bb0adc3466ff,2016-11-14T15:58:25Z,https://doi.org/10.6084/m9.figshare.c.3574241.v1,54286f3c-6eda-42c2-a8d7-1b1ee553a165,,https://doi.org/10.13003/CED-terms-of-use,,datacite,2017-03-30T13:01:32Z,is_supplement_to,,,,,,https://creativecommons.org/publicdomain/zero/1.0/,,,,,,,create,,,,
https://doi.org/10.12688/wellcomeopenres.9967.1,a6c9d511-9239-4de8-a266-b013f5bd8764,2016-12-15T14:26:06Z,https://reddit.com/r/MedicalNewsObserver/comments/5ihrue/free_serum_haemoglobin_is_associated_with_brain/,cf9455ec-f0ba-4556-b8d9-b85712c717fe,https://evidence.eventdata.crossref.org/evidence/20171114-reddit-4c72913a-e87e-41de-813f-13afb2fa6087,https://doi.org/10.13003/CED-terms-of-use,add,reddit,2017-11-14T21:34:19Z,discusses,https://reddit.com/r/MedicalNewsObserver/comments/5ihrue/free_serum_haemoglobin_is_associated_with_brain/,,https://reddit.com/r/MedicalNewsObserver/comments/5ihrue/free_serum_haemoglobin_is_associated_with_brain/,https://doi.org/10.12688/wellcomeopenres.9967.1,https://wellcomeopenresearch.org/articles/1-10/v1,https://creativecommons.org/publicdomain/zero/1.0/,,,,post,Free serum haemoglobin is associated with brain atrophy in secondary progressive multiple sclerosis - Wellcome Open Research,2016-12-15T14:26:06Z,,,,,
https://doi.org/10.12688/wellcomeopenres.10333.1,45a1ef76-4f43-4cdc-9ba8-5a6ad01cc231,2017-02-27T13:33:52Z,http://twitter.com/SelfHarmNotts/statuses/836207727726690305,ed406d53-9c65-4d2e-b137-34309c84515d,https://evidence.eventdata.crossref.org/evidence/201702271dfaacd2-3844-47f2-96f1-d90c4e1d4e17,https://doi.org/10.13003/CED-terms-of-use,add,twitter,2017-02-27T13:34:27Z,discusses,http://twitter.com/SelfHarmNotts/statuses/836207727726690305,,,https://doi.org/10.12688/wellcomeopenres.10333.1,https://doi.org/10.12688/wellcomeopenres.10333.1,https://creativecommons.org/publicdomain/zero/1.0/,,,,,Tweet 836207727726690305,2017-02-27T13:33:52.000Z,,http://twitter.com/SelfHarmNotts/statuses/836207727726690305,,836207727726690305,http://www.twitter.com/SelfHarmNotts
https://doi.org/10.12688/wellcomeopenres.10333.1,45a1ef76-4f43-4cdc-9ba8-5a6ad01cc231,2017-02-27T13:51:15Z,http://twitter.com/saztaz11/statuses/836212101052051457,1297fdf3-7a7e-4e19-bc72-d7c952671a75,https://evidence.eventdata.crossref.org/evidence/201702275d5fa3dd-aa14-46ab-95c3-15499b2f35e5,https://doi.org/10.13003/CED-terms-of-use,add,twitter,2017-02-27T13:51:49Z,discusses,http://twitter.com/saztaz11/statuses/836212101052051457,,,https://doi.org/10.12688/wellcomeopenres.10333.1,https://doi.org/10.12688/wellcomeopenres.10333.1,https://creativecommons.org/publicdomain/zero/1.0/,,,,,Tweet 836212101052051457,2017-02-27T13:51:15.000Z,,http://twitter.com/SelfHarmNotts/statuses/836207727726690305,http://www.twitter.com/SelfHarmNotts,836212101052051457,http://www.twitter.com/saztaz11
https://doi.org/10.12688/wellcomeopenres.10333.1,45a1ef76-4f43-4cdc-9ba8-5a6ad01cc231,2017-02-27T13:57:41Z,http://twitter.com/SamakB/statuses/836213718153318400,95cc8cce-b2b4-47c5-951b-15ab8006458e,https://evidence.eventdata.crossref.org/evidence/201702273c09b07f-2267-4a6e-ac13-87306c04d209,https://doi.org/10.13003/CED-terms-of-use,add,twitter,2017-02-27T13:58:20Z,discusses,http://twitter.com/SamakB/statuses/836213718153318400,,,https://doi.org/10.12688/wellcomeopenres.10333.1,https://doi.org/10.12688/wellcomeopenres.10333.1,https://creativecommons.org/publicdomain/zero/1.0/,,,,,Tweet 836213718153318400,2017-02-27T13:57:41.000Z,,http://twitter.com/SelfHarmNotts/statuses/836207727726690305,http://www.twitter.com/SelfHarmNotts,836213718153318400,http://www.twitter.com/SamakB
https://doi.org/10.12688/wellcomeopenres.10210.1,d9c55bad-73db-4860-be18-520d3891b01f,2017-03-23T11:39:09Z,http://www.citeulike.org/group/10570/author/Kim:J,cdfcc4f9-78fa-4dc7-b7f4-401fa0e4f65d,https://evidence.eventdata.crossref.org/evidence/20170323-web-ff86c06d-39ea-4b9c-83b7-9c95ca73c60d,https://doi.org/10.13003/CED-terms-of-use,add,web,2017-03-23T11:41:06Z,mentions,http://www.citeulike.org/group/10570/author/Kim:J,webpage,http://www.citeulike.org/group/10570/author/Kim:J,https://doi.org/10.12688/wellcomeopenres.10210.1,https://doi.org/10.12688/wellcomeopenres.10210.1,,,,,,,,,,,,
https://doi.org/10.12688/wellcomeopenres.10210.1,d9c55bad-73db-4860-be18-520d3891b01f,2017-03-23T11:39:09Z,http://www.citeulike.org/group/10570/author/Kim:J,f9772b60-714e-4636-a047-4203e03c9e84,https://evidence.eventdata.crossref.org/evidence/20170323-web-ff86c06d-39ea-4b9c-83b7-9c95ca73c60d,https://doi.org/10.13003/CED-terms-of-use,add,web,2017-03-23T11:41:18Z,mentions,http://www.citeulike.org/group/10570/author/Kim:J,webpage,http://www.citeulike.org/group/10570/author/Kim:J,https://doi.org/10.12688/wellcomeopenres.10210.1,http://dx.doi.org/10.12688/wellcomeopenres.10210.1,,,,,,,,,,,,
https://doi.org/10.12688/wellcomeopenres.10210.1,d9c55bad-73db-4860-be18-520d3891b01f,2017-03-23T11:39:09Z,http://www.citeulike.org/group/10570/author/Kim:J,ec8cdbec-f4ff-4ed5-8365-35a406a8a5d4,https://evidence.eventdata.crossref.org/evidence/20170323-web-ff86c06d-39ea-4b9c-83b7-9c95ca73c60d,https://doi.org/10.13003/CED-terms-of-use,add,web,2017-03-23T11:41:28Z,mentions,http://www.citeulike.org/group/10570/author/Kim:J,webpage,http://www.citeulike.org/group/10570/author/Kim:J,https://doi.org/10.12688/wellcomeopenres.10210.1,http://dx.doi.org/10.12688/wellcomeopenres.10210.1,,,,,,,,,,,,
https://doi.org/10.12688/wellcomeopenres.12133.1,45a1ef76-4f43-4cdc-9ba8-5a6ad01cc231,2017-11-16T18:34:50Z,http://twitter.com/eralsuqu1989/statuses/931229086307020801,de738ccb-f3bb-40e6-8f54-c710daea67a1,https://evidence.eventdata.crossref.org/evidence/20171116-twitter-ce3ef8e1-c277-4dcd-8590-1f810ff9f101,https://doi.org/10.13003/CED-terms-of-use,add,twitter,2017-11-16T19:24:56Z,discusses,http://twitter.com/eralsuqu1989/statuses/931229086307020801,,http://twitter.com/eralsuqu1989/statuses/931229086307020801,https://doi.org/10.12688/wellcomeopenres.12133.1,https://wellcomeopenresearch.org/articles/2-55/v1,https://creativecommons.org/publicdomain/zero/1.0/,,,,,Tweet 931229086307020801,2017-11-16T18:34:50.000Z,,http://twitter.com/jaynefellows1/statuses/889763746083512321,http://www.twitter.com/jaynefellows1,931229086307020801,http://www.twitter.com/eralsuqu1989
https://doi.org/10.12688/wellcomeopenres.11985.1,45a1ef76-4f43-4cdc-9ba8-5a6ad01cc231,2017-11-17T07:26:15Z,http://twitter.com/OUCRU_Vietnam/statuses/931423222368575489,be12c761-6984-432d-9e83-de916aa3a397,https://evidence.eventdata.crossref.org/evidence/20171117-twitter-218080bc-59d4-4608-8af4-227465147dbd,https://doi.org/10.13003/CED-terms-of-use,add,twitter,2017-11-17T07:27:30Z,discusses,http://twitter.com/OUCRU_Vietnam/statuses/931423222368575489,,http://twitter.com/OUCRU_Vietnam/statuses/931423222368575489,https://doi.org/10.12688/wellcomeopenres.11985.1,https://wellcomeopenresearch.org/articles/2-58/v1,https://creativecommons.org/publicdomain/zero/1.0/,,,,,Tweet 931423222368575489,2017-11-17T07:26:15.000Z,,http://twitter.com/OUCRU_Vietnam/statuses/931423222368575489,,931423222368575489,http://www.twitter.com/OUCRU_Vietnam
https://doi.org/10.12688/wellcomeopenres.10722.1,45a1ef76-4f43-4cdc-9ba8-5a6ad01cc231,2017-11-20T17:58:05Z,http://twitter.com/dumfriesshire/statuses/932669392357339136,76dbd84a-2f56-4618-8eac-85929b4c0bfc,https://evidence.eventdata.crossref.org/evidence/20171120-twitter-f7185d27-a863-44b3-a810-1a1e644daf3b,https://doi.org/10.13003/CED-terms-of-use,add,twitter,2017-11-24T11:12:36Z,discusses,http://twitter.com/dumfriesshire/statuses/932669392357339136,,http://twitter.com/dumfriesshire/statuses/932669392357339136,https://doi.org/10.12688/wellcomeopenres.10722.1,https://wellcomeopenresearch.org/articles/2-7/v1,https://creativecommons.org/publicdomain/zero/1.0/,,,,,Tweet 932669392357339136,2017-11-20T17:58:05.000Z,,http://twitter.com/dumfriesshire/statuses/932669392357339136,,932669392357339136,http://www.twitter.com/dumfriesshire
https://doi.org/10.12688/wellcomeopenres.10722.1,45a1ef76-4f43-4cdc-9ba8-5a6ad01cc231,2017-11-21T09:03:16Z,http://twitter.com/WellcomeOpenRes/statuses/932897185288671232,9f50132a-849f-4d0b-bbfe-ef586c87ef2b,https://evidence.eventdata.crossref.org/evidence/20171121-twitter-80b6adaa-d58c-47b3-94d4-67ed8ec77f39,https://doi.org/10.13003/CED-terms-of-use,add,twitter,2017-11-24T12:17:18Z,discusses,http://twitter.com/WellcomeOpenRes/statuses/932897185288671232,,http://twitter.com/WellcomeOpenRes/statuses/932897185288671232,https://doi.org/10.12688/wellcomeopenres.10722.1,https://wellcomeopenresearch.org/articles/2-7/v1,https://creativecommons.org/publicdomain/zero/1.0/,,,,,Tweet 932897185288671232,2017-11-21T09:03:16.000Z,,http://twitter.com/dumfriesshire/statuses/932669392357339136,http://www.twitter.com/dumfriesshire,932897185288671232,http://www.twitter.com/WellcomeOpenRes
https://doi.org/10.12688/wellcomeopenres.10722.1,45a1ef76-4f43-4cdc-9ba8-5a6ad01cc231,2017-11-21T14:15:46Z,http://twitter.com/marantzamendi/statuses/932975831365902337,7e028773-cd8b-43ca-89ac-6da62adbf30b,https://evidence.eventdata.crossref.org/evidence/20171121-twitter-7d6fa36e-a27b-4914-8fa5-0907e002068c,https://doi.org/10.13003/CED-terms-of-use,add,twitter,2017-11-24T12:54:04Z,discusses,http://twitter.com/marantzamendi/statuses/932975831365902337,,http://twitter.com/marantzamendi/statuses/932975831365902337,https://doi.org/10.12688/wellcomeopenres.10722.1,https://wellcomeopenresearch.org/articles/2-7/v1,https://creativecommons.org/publicdomain/zero/1.0/,,,,,Tweet 932975831365902337,2017-11-21T14:15:46.000Z,,http://twitter.com/EndofLifeStudy/statuses/932975566004871170,http://www.twitter.com/EndofLifeStudy,932975831365902337,http://www.twitter.com/marantzamendi
https://doi.org/10.12688/wellcomeopenres.12261.1,45a1ef76-4f43-4cdc-9ba8-5a6ad01cc231,2017-11-20T14:39:11Z,http://twitter.com/Imperial_IGHI/statuses/932619335218225152,b1afa900-ba0f-4082-b2bf-e56b47b9e8a5,https://evidence.eventdata.crossref.org/evidence/20171120-twitter-7bf67829-a9fe-43df-ab31-f12f5ede78e8,https://doi.org/10.13003/CED-terms-of-use,add,twitter,2017-11-24T12:14:05Z,discusses,http://twitter.com/Imperial_IGHI/statuses/932619335218225152,,http://twitter.com/Imperial_IGHI/statuses/932619335218225152,https://doi.org/10.12688/wellcomeopenres.12261.1,https://wellcomeopenresearch.org/articles/2-62/v1,https://creativecommons.org/publicdomain/zero/1.0/,,,,,Tweet 932619335218225152,2017-11-20T14:39:11.000Z,,http://twitter.com/ilex_meunier/statuses/932617213693095938,http://www.twitter.com/ilex_meunier,932619335218225152,http://www.twitter.com/Imperial_IGHI
https://doi.org/10.12688/wellcomeopenres.12261.1,45a1ef76-4f43-4cdc-9ba8-5a6ad01cc231,2017-11-20T14:30:45Z,http://twitter.com/ilex_meunier/statuses/932617213693095938,efe075a0-76e8-403a-a071-50001fe6342c,https://evidence.eventdata.crossref.org/evidence/20171120-twitter-bf399f75-e29f-469e-8628-c70010cba4d1,https://doi.org/10.13003/CED-terms-of-use,add,twitter,2017-11-24T13:03:14Z,discusses,http://twitter.com/ilex_meunier/statuses/932617213693095938,,http://twitter.com/ilex_meunier/statuses/932617213693095938,https://doi.org/10.12688/wellcomeopenres.12261.1,https://wellcomeopenresearch.org/articles/2-62/v1,https://creativecommons.org/publicdomain/zero/1.0/,,,,,Tweet 932617213693095938,2017-11-20T14:30:45.000Z,,http://twitter.com/ilex_meunier/statuses/932617213693095938,,932617213693095938,http://www.twitter.com/ilex_meunier
https://doi.org/10.12688/wellcomeopenres.12261.1,45a1ef76-4f43-4cdc-9ba8-5a6ad01cc231,2017-11-20T14:41:03Z,http://twitter.com/Jobi1kanobe/statuses/932619806804795392,12fcba63-a114-4129-bc39-e3ba2a82b1a1,https://evidence.eventdata.crossref.org/evidence/20171120-twitter-904d25b2-4b94-465a-912c-f3e9b59bf65b,https://doi.org/10.13003/CED-terms-of-use,add,twitter,2017-11-24T15:14:45Z,discusses,http://twitter.com/Jobi1kanobe/statuses/932619806804795392,,http://twitter.com/Jobi1kanobe/statuses/932619806804795392,https://doi.org/10.12688/wellcomeopenres.12261.1,https://wellcomeopenresearch.org/articles/2-62/v1,https://creativecommons.org/publicdomain/zero/1.0/,,,,,Tweet 932619806804795392,2017-11-20T14:41:03.000Z,,http://twitter.com/ilex_meunier/statuses/932617213693095938,http://www.twitter.com/ilex_meunier,932619806804795392,http://www.twitter.com/Jobi1kanobe
https://doi.org/10.12688/wellcomeopenres.9935.2,28276d12-b320-41ba-9272-bb0adc3466ff,2016-11-14T15:58:25Z,https://doi.org/10.6084/m9.figshare.c.3574241,f4a5a14a-e628-4f5f-a60e-415265e7047b,,https://doi.org/10.13003/CED-terms-of-use,,datacite,2017-03-30T13:01:31Z,is_supplement_to,,,,,,https://creativecommons.org/publicdomain/zero/1.0/,,,,,,,create,,,,
https://doi.org/10.12688/wellcomeopenres.10784.1,d9c55bad-73db-4860-be18-520d3891b01f,2017-03-14T02:03:25Z,http://www.citeulike.org/user/cdsouthan/watchlist,c2005a94-7c0f-467b-80aa-69e134693672,https://evidence.eventdata.crossref.org/evidence/20170314bd18fa27-874d-4fd5-95f6-29a0f8f594bf,https://doi.org/10.13003/CED-terms-of-use,add,web,2017-03-14T02:04:59Z,mentions,http://www.citeulike.org/user/cdsouthan/watchlist,webpage,http://www.citeulike.org/user/cdsouthan/watchlist,https://doi.org/10.12688/wellcomeopenres.10784.1,https://doi.org/10.12688/wellcomeopenres.10784.1,,,,,,,,,,,,
https://doi.org/10.12688/wellcomeopenres.10784.1,d9c55bad-73db-4860-be18-520d3891b01f,2017-03-14T02:03:25Z,http://www.citeulike.org/user/cdsouthan/watchlist,eab620a0-a0ce-4677-9fb7-ae86c5ba46e2,https://evidence.eventdata.crossref.org/evidence/20170314bd18fa27-874d-4fd5-95f6-29a0f8f594bf,https://doi.org/10.13003/CED-terms-of-use,add,web,2017-03-14T02:05:06Z,mentions,http://www.citeulike.org/user/cdsouthan/watchlist,webpage,http://www.citeulike.org/user/cdsouthan/watchlist,https://doi.org/10.12688/wellcomeopenres.10784.1,http://dx.doi.org/10.12688/wellcomeopenres.10784.1,,,,,,,,,,,,
https://doi.org/10.12688/wellcomeopenres.10784.1,d9c55bad-73db-4860-be18-520d3891b01f,2017-03-14T02:03:25Z,http://www.citeulike.org/user/cdsouthan/watchlist,640d7fec-9cfb-4166-8f9e-4749e494d599,https://evidence.eventdata.crossref.org/evidence/20170314bd18fa27-874d-4fd5-95f6-29a0f8f594bf,https://doi.org/10.13003/CED-terms-of-use,add,web,2017-03-14T02:05:12Z,mentions,http://www.citeulike.org/user/cdsouthan/watchlist,webpage,http://www.citeulike.org/user/cdsouthan/watchlist,https://doi.org/10.12688/wellcomeopenres.10784.1,http://dx.doi.org/10.12688/wellcomeopenres.10784.1,,,,,,,,,,,,
https://doi.org/10.12688/wellcomeopenres.10784.1,28276d12-b320-41ba-9272-bb0adc3466ff,2017-02-10T11:40:19Z,https://doi.org/10.6084/m9.figshare.c.3688357,0085d007-e2aa-4b58-ba33-4fd2accbcf45,,https://doi.org/10.13003/CED-terms-of-use,,datacite,2017-05-19T04:26:05Z,is_supplement_to,,,,,,https://creativecommons.org/publicdomain/zero/1.0/,,,,,,,create,,,,
https://doi.org/10.12688/wellcomeopenres.12600.1,45a1ef76-4f43-4cdc-9ba8-5a6ad01cc231,2017-11-17T10:49:36Z,http://twitter.com/shona_kerr/statuses/931474396811808768,a492500e-a4a4-4a53-80ed-8d39f1253dbd,https://evidence.eventdata.crossref.org/evidence/20171117-twitter-2329c274-e0b0-4609-b967-224c37801e9d,https://doi.org/10.13003/CED-terms-of-use,add,twitter,2017-11-17T10:49:58Z,discusses,http://twitter.com/shona_kerr/statuses/931474396811808768,,http://twitter.com/shona_kerr/statuses/931474396811808768,https://doi.org/10.12688/wellcomeopenres.12600.1,https://wellcomeopenresearch.org/articles/2-85/v1,https://creativecommons.org/publicdomain/zero/1.0/,,,,,Tweet 931474396811808768,2017-11-17T10:49:36.000Z,,http://twitter.com/shona_kerr/statuses/931474396811808768,,931474396811808768,http://www.twitter.com/shona_kerr
https://doi.org/10.12688/wellcomeopenres.12600.1,45a1ef76-4f43-4cdc-9ba8-5a6ad01cc231,2017-11-17T10:54:31Z,http://twitter.com/WellcomeOpenRes/statuses/931475631812108288,53212a05-ae27-4783-be26-f32be576d55d,https://evidence.eventdata.crossref.org/evidence/20171117-twitter-ad36aab7-13a2-48a9-a90b-a130f296f8d8,https://doi.org/10.13003/CED-terms-of-use,add,twitter,2017-11-17T10:54:58Z,discusses,http://twitter.com/WellcomeOpenRes/statuses/931475631812108288,,http://twitter.com/WellcomeOpenRes/statuses/931475631812108288,https://doi.org/10.12688/wellcomeopenres.12600.1,https://wellcomeopenresearch.org/articles/2-85/v1,https://creativecommons.org/publicdomain/zero/1.0/,,,,,Tweet 931475631812108288,2017-11-17T10:54:31.000Z,,http://twitter.com/shona_kerr/statuses/931474396811808768,http://www.twitter.com/shona_kerr,931475631812108288,http://www.twitter.com/WellcomeOpenRes
https://doi.org/10.12688/wellcomeopenres.12600.1,45a1ef76-4f43-4cdc-9ba8-5a6ad01cc231,2017-11-17T10:57:45Z,http://twitter.com/shona_kerr/statuses/931476444739461120,046303a6-94c0-445c-a4d1-34d3d199c115,https://evidence.eventdata.crossref.org/evidence/20171117-twitter-d1a1af15-89ba-401c-aa70-e1889699318f,https://doi.org/10.13003/CED-terms-of-use,add,twitter,2017-11-17T10:58:14Z,discusses,http://twitter.com/shona_kerr/statuses/931476444739461120,,http://twitter.com/shona_kerr/statuses/931476444739461120,https://doi.org/10.12688/wellcomeopenres.12600.1,https://wellcomeopenresearch.org/articles/2-85/v1,https://creativecommons.org/publicdomain/zero/1.0/,,,,,Tweet 931476444739461120,2017-11-17T10:57:45.000Z,,http://twitter.com/shona_kerr/statuses/931476444739461120,,931476444739461120,http://www.twitter.com/shona_kerr
https://doi.org/10.12688/wellcomeopenres.12600.1,45a1ef76-4f43-4cdc-9ba8-5a6ad01cc231,2017-11-17T11:11:23Z,http://twitter.com/CFGT_Edinburgh/statuses/931479879186632704,9b11b3bc-ba96-4916-b11d-89d135f3e061,https://evidence.eventdata.crossref.org/evidence/20171117-twitter-7a200cf1-8d3e-44f2-b0a1-e54bcdd2e9f0,https://doi.org/10.13003/CED-terms-of-use,add,twitter,2017-11-17T11:11:48Z,discusses,http://twitter.com/CFGT_Edinburgh/statuses/931479879186632704,,http://twitter.com/CFGT_Edinburgh/statuses/931479879186632704,https://doi.org/10.12688/wellcomeopenres.12600.1,https://wellcomeopenresearch.org/articles/2-85/v1,https://creativecommons.org/publicdomain/zero/1.0/,,,,,Tweet 931479879186632704,2017-11-17T11:11:23.000Z,,http://twitter.com/shona_kerr/statuses/931474396811808768,http://www.twitter.com/shona_kerr,931479879186632704,http://www.twitter.com/CFGT_Edinburgh
https://doi.org/10.12688/wellcomeopenres.12600.1,45a1ef76-4f43-4cdc-9ba8-5a6ad01cc231,2017-11-17T11:42:25Z,http://twitter.com/NHSRes/statuses/931487685977559042,d7154c1d-3c60-4db0-8d22-7e4f71847a59,https://evidence.eventdata.crossref.org/evidence/20171117-twitter-2e1fda25-c048-475e-933d-4e5fd68f4ed8,https://doi.org/10.13003/CED-terms-of-use,add,twitter,2017-11-17T11:42:45Z,discusses,http://twitter.com/NHSRes/statuses/931487685977559042,,http://twitter.com/NHSRes/statuses/931487685977559042,https://doi.org/10.12688/wellcomeopenres.12600.1,https://wellcomeopenresearch.org/articles/2-85/v1,https://creativecommons.org/publicdomain/zero/1.0/,,,,,Tweet 931487685977559042,2017-11-17T11:42:25.000Z,,http://twitter.com/shona_kerr/statuses/931476444739461120,http://www.twitter.com/shona_kerr,931487685977559042,http://www.twitter.com/NHSRes
https://doi.org/10.12688/wellcomeopenres.12600.1,45a1ef76-4f43-4cdc-9ba8-5a6ad01cc231,2017-11-18T14:36:43Z,http://twitter.com/Sab_Ra/statuses/931893939002540032,129584c4-fa72-4cbf-8159-5d7628894d88,https://evidence.eventdata.crossref.org/evidence/20171118-twitter-2c9352d7-28e9-4e0a-8d6d-0527cf0cea7a,https://doi.org/10.13003/CED-terms-of-use,add,twitter,2017-11-18T14:37:19Z,discusses,http://twitter.com/Sab_Ra/statuses/931893939002540032,,http://twitter.com/Sab_Ra/statuses/931893939002540032,https://doi.org/10.12688/wellcomeopenres.12600.1,https://wellcomeopenresearch.org/articles/2-85/v1,https://creativecommons.org/publicdomain/zero/1.0/,,,,,Tweet 931893939002540032,2017-11-18T14:36:43.000Z,,http://twitter.com/shona_kerr/statuses/931474396811808768,http://www.twitter.com/shona_kerr,931893939002540032,http://www.twitter.com/Sab_Ra
https://doi.org/10.12688/wellcomeopenres.11300.1,28276d12-b320-41ba-9272-bb0adc3466ff,2017-04-05T08:45:32Z,https://doi.org/10.17863/cam.7926,89924792-08f8-4d02-824e-81509eb52422,,https://doi.org/10.13003/CED-terms-of-use,,datacite,2017-05-15T04:20:32Z,is_supplement_to,,,,,,https://creativecommons.org/publicdomain/zero/1.0/,,,,,,,create,,,,
https://doi.org/10.12688/wellcomeopenres.11300.1,28276d12-b320-41ba-9272-bb0adc3466ff,2017-04-05T08:45:32Z,https://doi.org/10.17863/cam.7926,9560ab8e-9fcc-4d86-955d-a25ccaff4046,,https://doi.org/10.13003/CED-terms-of-use,,datacite,2017-07-21T09:46:13Z,is_supplement_to,,,,,,https://creativecommons.org/publicdomain/zero/1.0/,,,,,,,create,,,,
https://doi.org/10.12688/wellcomeopenres.11300.1,28276d12-b320-41ba-9272-bb0adc3466ff,2017-04-05T08:45:32Z,https://doi.org/10.17863/cam.7926,e131476b-a454-4999-8a24-505a42b73529,,https://doi.org/10.13003/CED-terms-of-use,,datacite,2017-07-21T11:32:52Z,is_supplement_to,,,,,,https://creativecommons.org/publicdomain/zero/1.0/,,,,,,,create,,,,
https://doi.org/10.12688/wellcomeopenres.11300.1,28276d12-b320-41ba-9272-bb0adc3466ff,2017-04-05T08:45:32Z,https://doi.org/10.17863/cam.7926,538ce773-e092-49f1-916e-b8e9c2c9dba9,,https://doi.org/10.13003/CED-terms-of-use,,datacite,2017-07-21T11:40:02Z,is_supplement_to,,,,,,https://creativecommons.org/publicdomain/zero/1.0/,,,,,,,create,,,,
https://doi.org/10.12688/wellcomeopenres.11190.2,45a1ef76-4f43-4cdc-9ba8-5a6ad01cc231,2017-11-18T11:23:40Z,http://twitter.com/nutrinonymus/statuses/931845354978410496,c6bd28ff-4816-48dd-8c97-35261128958f,https://evidence.eventdata.crossref.org/evidence/20171118-twitter-66c30eb3-8c90-4533-ab71-cab2e9b66bc5,https://doi.org/10.13003/CED-terms-of-use,add,twitter,2017-11-18T11:25:54Z,discusses,http://twitter.com/nutrinonymus/statuses/931845354978410496,,http://twitter.com/nutrinonymus/statuses/931845354978410496,https://doi.org/10.12688/wellcomeopenres.11190.2,https://wellcomeopenresearch.org/articles/2-21/v2#f1,https://creativecommons.org/publicdomain/zero/1.0/,,,,,Tweet 931845354978410496,2017-11-18T11:23:40.000Z,,http://twitter.com/nutrinonymus/statuses/931845354978410496,,931845354978410496,http://www.twitter.com/nutrinonymus
https://doi.org/10.12688/wellcomeopenres.12483.1,7750d578-d74d-4e92-9348-cd443cbb7afa,2017-10-16T14:15:28Z,https://jenniferleblond.com/2017/10/16/deribe-et-al-estimating-podoconiosis-cases-in-ethiopia-using-geostatistical-methods/,76021f42-da6f-4c90-bc64-eec8c3161c6a,https://evidence.eventdata.crossref.org/evidence/20171114-wordpressdotcom-462b1dfa-bcef-4936-82ba-eeab00af74f6,https://doi.org/10.13003/CED-terms-of-use,add,wordpressdotcom,2017-11-14T20:02:02Z,discusses,https://jenniferleblond.com/2017/10/16/deribe-et-al-estimating-podoconiosis-cases-in-ethiopia-using-geostatistical-methods/,,http://jenniferleblond.com/2017/10/16/deribe-et-al-estimating-podoconiosis-cases-in-ethiopia-using-geostatistical-methods/,https://doi.org/10.12688/wellcomeopenres.12483.1,https://wellcomeopenresearch.org/articles/2-78/v1,https://creativecommons.org/publicdomain/zero/1.0/,,,,post-weblog,"Deribe et al., Estimating podoconiosis cases in Ethiopia using geostatistical methods",,,,,,
https://doi.org/10.12688/wellcomeopenres.12483.1,45a1ef76-4f43-4cdc-9ba8-5a6ad01cc231,2017-11-17T16:05:04Z,http://twitter.com/PodoDotOrg/statuses/931553785272524800,921ea278-2086-4776-ada3-b68c45deb2fe,https://evidence.eventdata.crossref.org/evidence/20171117-twitter-5c003ab1-f251-469b-a9cf-6a2aad060a09,https://doi.org/10.13003/CED-terms-of-use,add,twitter,2017-11-17T16:05:30Z,discusses,http://twitter.com/PodoDotOrg/statuses/931553785272524800,,http://twitter.com/PodoDotOrg/statuses/931553785272524800,https://doi.org/10.12688/wellcomeopenres.12483.1,https://wellcomeopenresearch.org/articles/2-78/v1,https://creativecommons.org/publicdomain/zero/1.0/,,,,,Tweet 931553785272524800,2017-11-17T16:05:04.000Z,,http://twitter.com/PodoDotOrg/statuses/931553785272524800,,931553785272524800,http://www.twitter.com/PodoDotOrg
https://doi.org/10.12688/wellcomeopenres.12483.1,45a1ef76-4f43-4cdc-9ba8-5a6ad01cc231,2017-11-17T17:58:05Z,http://twitter.com/KebedeDeribe/statuses/931582227552591873,e0b517ca-cb80-4f3c-a984-15a9a5fa5cba,https://evidence.eventdata.crossref.org/evidence/20171117-twitter-465c883c-c460-481c-af2a-137a5e1e1b40,https://doi.org/10.13003/CED-terms-of-use,add,twitter,2017-11-17T17:58:45Z,discusses,http://twitter.com/KebedeDeribe/statuses/931582227552591873,,http://twitter.com/KebedeDeribe/statuses/931582227552591873,https://doi.org/10.12688/wellcomeopenres.12483.1,https://wellcomeopenresearch.org/articles/2-78/v1,https://creativecommons.org/publicdomain/zero/1.0/,,,,,Tweet 931582227552591873,2017-11-17T17:58:05.000Z,,http://twitter.com/PodoDotOrg/statuses/931553785272524800,http://www.twitter.com/PodoDotOrg,931582227552591873,http://www.twitter.com/KebedeDeribe
https://doi.org/10.12688/wellcomeopenres.12483.1,45a1ef76-4f43-4cdc-9ba8-5a6ad01cc231,2017-11-17T19:18:32Z,http://twitter.com/AHRI_ETH/statuses/931602474519220224,72a527e7-521a-46d7-ba7c-263200c8ebb2,https://evidence.eventdata.crossref.org/evidence/20171117-twitter-f221b3d1-aa22-400f-aa0d-720f43a3c094,https://doi.org/10.13003/CED-terms-of-use,add,twitter,2017-11-17T19:19:05Z,discusses,http://twitter.com/AHRI_ETH/statuses/931602474519220224,,http://twitter.com/AHRI_ETH/statuses/931602474519220224,https://doi.org/10.12688/wellcomeopenres.12483.1,https://wellcomeopenresearch.org/articles/2-78/v1,https://creativecommons.org/publicdomain/zero/1.0/,,,,,Tweet 931602474519220224,2017-11-17T19:18:32.000Z,,http://twitter.com/PodoDotOrg/statuses/931553785272524800,http://www.twitter.com/PodoDotOrg,931602474519220224,http://www.twitter.com/AHRI_ETH
https://doi.org/10.12688/wellcomeopenres.12483.1,45a1ef76-4f43-4cdc-9ba8-5a6ad01cc231,2017-11-18T18:56:39Z,http://twitter.com/TayeBalcha/statuses/931959353296515073,1d532c77-9f64-4114-96a9-fb3be8cb4bd3,https://evidence.eventdata.crossref.org/evidence/20171118-twitter-67088452-5b4f-44c5-9e5b-b062f626ea61,https://doi.org/10.13003/CED-terms-of-use,add,twitter,2017-11-18T18:57:38Z,discusses,http://twitter.com/TayeBalcha/statuses/931959353296515073,,http://twitter.com/TayeBalcha/statuses/931959353296515073,https://doi.org/10.12688/wellcomeopenres.12483.1,https://wellcomeopenresearch.org/articles/2-78/v1,https://creativecommons.org/publicdomain/zero/1.0/,,,,,Tweet 931959353296515073,2017-11-18T18:56:39.000Z,,http://twitter.com/PodoDotOrg/statuses/931553785272524800,http://www.twitter.com/PodoDotOrg,931959353296515073,http://www.twitter.com/TayeBalcha
https://doi.org/10.12688/wellcomeopenres.12483.1,45a1ef76-4f43-4cdc-9ba8-5a6ad01cc231,2017-11-22T15:26:16Z,http://twitter.com/GlobHealth_BSMS/statuses/933355959883304960,5a76b8c9-d0a4-45b6-8dd2-deafa15be5f8,https://evidence.eventdata.crossref.org/evidence/20171122-twitter-86c35f36-9250-4553-9b70-77d0cbb9958b,https://doi.org/10.13003/CED-terms-of-use,add,twitter,2017-11-24T17:44:04Z,discusses,http://twitter.com/GlobHealth_BSMS/statuses/933355959883304960,,http://twitter.com/GlobHealth_BSMS/statuses/933355959883304960,https://doi.org/10.12688/wellcomeopenres.12483.1,https://wellcomeopenresearch.org/articles/2-78/v1,https://creativecommons.org/publicdomain/zero/1.0/,,,,,Tweet 933355959883304960,2017-11-22T15:26:16.000Z,,http://twitter.com/WellcomeOpenRes/statuses/906166465342136320,http://www.twitter.com/WellcomeOpenRes,933355959883304960,http://www.twitter.com/GlobHealth_BSMS
https://doi.org/10.12688/wellcomeopenres.12942.1,45a1ef76-4f43-4cdc-9ba8-5a6ad01cc231,2017-11-20T16:11:02Z,http://twitter.com/WellcomeOpenRes/statuses/932642452430884864,5e81ca34-2883-4e4c-87fb-1526d23cc85d,https://evidence.eventdata.crossref.org/evidence/20171120-twitter-7297d9ba-ba27-4ac2-84a2-933833a95f88,https://doi.org/10.13003/CED-terms-of-use,add,twitter,2017-11-24T18:19:28Z,discusses,http://twitter.com/WellcomeOpenRes/statuses/932642452430884864,,http://twitter.com/WellcomeOpenRes/statuses/932642452430884864,https://doi.org/10.12688/wellcomeopenres.12942.1,https://wellcomeopenresearch.org/articles/2-109/v1?utm_content=bufferf428a&utm_medium=social&utm_source=facebook.com&utm_campaign=buffer,https://creativecommons.org/publicdomain/zero/1.0/,,,,,Tweet 932642452430884864,2017-11-20T16:11:02.000Z,,http://twitter.com/WellcomeOpenRes/statuses/932642452430884864,,932642452430884864,http://www.twitter.com/WellcomeOpenRes
https://doi.org/10.12688/wellcomeopenres.12394.1,45a1ef76-4f43-4cdc-9ba8-5a6ad01cc231,2017-11-16T16:08:45Z,http://twitter.com/ProfJimSmith/statuses/931192325170135041,ac2d9983-d11c-4422-b18f-0a0de94a4c47,https://evidence.eventdata.crossref.org/evidence/20171116-twitter-b373cf83-a97f-49fb-af39-fa88aae95eee,https://doi.org/10.13003/CED-terms-of-use,add,twitter,2017-11-16T18:08:09Z,discusses,http://twitter.com/ProfJimSmith/statuses/931192325170135041,,http://twitter.com/ProfJimSmith/statuses/931192325170135041,https://doi.org/10.12688/wellcomeopenres.12394.1,https://wellcomeopenresearch.org/articles/2-111/v1,https://creativecommons.org/publicdomain/zero/1.0/,,,,,Tweet 931192325170135041,2017-11-16T16:08:45.000Z,,http://twitter.com/ProfJimSmith/statuses/931192325170135041,,931192325170135041,http://www.twitter.com/ProfJimSmith
https://doi.org/10.12688/wellcomeopenres.12394.1,45a1ef76-4f43-4cdc-9ba8-5a6ad01cc231,2017-11-17T17:02:01Z,http://twitter.com/jonmoulton/statuses/931568118706483200,f6deb714-03cb-4cc4-a24d-b4c86112db39,https://evidence.eventdata.crossref.org/evidence/20171117-twitter-14ec2c5e-fab6-4db0-ae25-189200625325,https://doi.org/10.13003/CED-terms-of-use,add,twitter,2017-11-17T17:02:49Z,discusses,http://twitter.com/jonmoulton/statuses/931568118706483200,,http://twitter.com/jonmoulton/statuses/931568118706483200,https://doi.org/10.12688/wellcomeopenres.12394.1,https://wellcomeopenresearch.org/articles/2-111/v1,https://creativecommons.org/publicdomain/zero/1.0/,,,,,Tweet 931568118706483200,2017-11-17T17:02:01.000Z,,http://twitter.com/jonmoulton/statuses/931568118706483200,,931568118706483200,http://www.twitter.com/jonmoulton
https://doi.org/10.12688/wellcomeopenres.12394.1,45a1ef76-4f43-4cdc-9ba8-5a6ad01cc231,2017-11-17T17:02:06Z,http://twitter.com/GeneTools/statuses/931568139338334208,07e82e96-6e89-437e-9c23-11ba07181217,https://evidence.eventdata.crossref.org/evidence/20171117-twitter-cbad885c-8a8a-4e67-ad05-081730a7f6d9,https://doi.org/10.13003/CED-terms-of-use,add,twitter,2017-11-17T17:03:03Z,discusses,http://twitter.com/GeneTools/statuses/931568139338334208,,http://twitter.com/GeneTools/statuses/931568139338334208,https://doi.org/10.12688/wellcomeopenres.12394.1,https://wellcomeopenresearch.org/articles/2-111/v1,https://creativecommons.org/publicdomain/zero/1.0/,,,,,Tweet 931568139338334208,2017-11-17T17:02:06.000Z,,http://twitter.com/jonmoulton/statuses/931568118706483200,http://www.twitter.com/jonmoulton,931568139338334208,http://www.twitter.com/GeneTools
https://doi.org/10.12688/wellcomeopenres.12394.1,45a1ef76-4f43-4cdc-9ba8-5a6ad01cc231,2017-11-17T17:49:09Z,http://twitter.com/alvaradorico/statuses/931579978541563904,958a3b33-058e-431e-a6b5-ae46ba16bca7,https://evidence.eventdata.crossref.org/evidence/20171117-twitter-fb3dea10-24d4-4284-b049-061c10cfaae6,https://doi.org/10.13003/CED-terms-of-use,add,twitter,2017-11-17T17:49:42Z,discusses,http://twitter.com/alvaradorico/statuses/931579978541563904,,http://twitter.com/alvaradorico/statuses/931579978541563904,https://doi.org/10.12688/wellcomeopenres.12394.1,https://wellcomeopenresearch.org/articles/2-111/v1,https://creativecommons.org/publicdomain/zero/1.0/,,,,,Tweet 931579978541563904,2017-11-17T17:49:09.000Z,,http://twitter.com/jonmoulton/statuses/931568118706483200,http://www.twitter.com/jonmoulton,931579978541563904,http://www.twitter.com/alvaradorico
https://doi.org/10.12688/wellcomeopenres.12394.1,45a1ef76-4f43-4cdc-9ba8-5a6ad01cc231,2017-11-17T19:02:14Z,http://twitter.com/ZHAonline/statuses/931598370962944000,3f90b44f-8e7c-4002-847a-10266b291fb7,https://evidence.eventdata.crossref.org/evidence/20171117-twitter-2fa2a7db-716a-4180-b0eb-5fb69f45c01b,https://doi.org/10.13003/CED-terms-of-use,add,twitter,2017-11-17T19:02:30Z,discusses,http://twitter.com/ZHAonline/statuses/931598370962944000,,http://twitter.com/ZHAonline/statuses/931598370962944000,https://doi.org/10.12688/wellcomeopenres.12394.1,https://wellcomeopenresearch.org/articles/2-111/v1,https://creativecommons.org/publicdomain/zero/1.0/,,,,,Tweet 931598370962944000,2017-11-17T19:02:14.000Z,,http://twitter.com/ZHAonline/statuses/931598370962944000,,931598370962944000,http://www.twitter.com/ZHAonline
https://doi.org/10.12688/wellcomeopenres.12394.1,45a1ef76-4f43-4cdc-9ba8-5a6ad01cc231,2017-11-17T19:02:34Z,http://twitter.com/ZHAonline/statuses/931598455461384192,23d6933e-1ec4-4420-851b-82d16c2caa93,https://evidence.eventdata.crossref.org/evidence/20171117-twitter-8640c7d1-8222-4679-a969-ae74bd8f6d45,https://doi.org/10.13003/CED-terms-of-use,add,twitter,2017-11-17T19:02:51Z,discusses,http://twitter.com/ZHAonline/statuses/931598455461384192,,http://twitter.com/ZHAonline/statuses/931598455461384192,https://doi.org/10.12688/wellcomeopenres.12394.1,https://wellcomeopenresearch.org/articles/2-111/v1,https://creativecommons.org/publicdomain/zero/1.0/,,,,,Tweet 931598455461384192,2017-11-17T19:02:34.000Z,,http://twitter.com/ZHAonline/statuses/931598455461384192,,931598455461384192,http://www.twitter.com/ZHAonline
https://doi.org/10.12688/wellcomeopenres.12394.1,45a1ef76-4f43-4cdc-9ba8-5a6ad01cc231,2017-11-18T16:36:29Z,http://twitter.com/ProfJimSmith/statuses/931924078402916352,33d17250-9ba6-43e8-9dbe-20ab8bcd5915,https://evidence.eventdata.crossref.org/evidence/20171118-twitter-0e064bdd-ff09-49ec-8de4-57322ea51eee,https://doi.org/10.13003/CED-terms-of-use,add,twitter,2017-11-18T16:37:00Z,discusses,http://twitter.com/ProfJimSmith/statuses/931924078402916352,,http://twitter.com/ProfJimSmith/statuses/931924078402916352,https://doi.org/10.12688/wellcomeopenres.12394.1,https://wellcomeopenresearch.org/articles/2-111/v1,https://creativecommons.org/publicdomain/zero/1.0/,,,,,Tweet 931924078402916352,2017-11-18T16:36:29.000Z,,http://twitter.com/ProfJimSmith/statuses/931924078402916352,,931924078402916352,http://www.twitter.com/ProfJimSmith
https://doi.org/10.12688/wellcomeopenres.12394.1,45a1ef76-4f43-4cdc-9ba8-5a6ad01cc231,2017-11-19T04:33:40Z,http://twitter.com/JeremyFarrar/statuses/932104564597145600,7e1e9763-bd86-4ff1-b6ad-3678e0ead783,https://evidence.eventdata.crossref.org/evidence/20171119-twitter-e093729c-cfe2-4d51-bd09-53ce5ab3171d,https://doi.org/10.13003/CED-terms-of-use,add,twitter,2017-11-24T11:07:32Z,discusses,http://twitter.com/JeremyFarrar/statuses/932104564597145600,,http://twitter.com/JeremyFarrar/statuses/932104564597145600,https://doi.org/10.12688/wellcomeopenres.12394.1,https://wellcomeopenresearch.org/articles/2-111/v1,https://creativecommons.org/publicdomain/zero/1.0/,,,,,Tweet 932104564597145600,2017-11-19T04:33:40.000Z,,http://twitter.com/ProfJimSmith/statuses/931924078402916352,http://www.twitter.com/ProfJimSmith,932104564597145600,http://www.twitter.com/JeremyFarrar
https://doi.org/10.12688/wellcomeopenres.12613.1,45a1ef76-4f43-4cdc-9ba8-5a6ad01cc231,2017-11-17T16:05:04Z,http://twitter.com/PodoDotOrg/statuses/931553785272524800,eb7c848c-534f-48a4-bfe4-d506886e5225,https://evidence.eventdata.crossref.org/evidence/20171117-twitter-5c003ab1-f251-469b-a9cf-6a2aad060a09,https://doi.org/10.13003/CED-terms-of-use,add,twitter,2017-11-17T16:05:30Z,discusses,http://twitter.com/PodoDotOrg/statuses/931553785272524800,,http://twitter.com/PodoDotOrg/statuses/931553785272524800,https://doi.org/10.12688/wellcomeopenres.12613.1,https://wellcomeopenresearch.org/articles/2-99/v1,https://creativecommons.org/publicdomain/zero/1.0/,,,,,Tweet 931553785272524800,2017-11-17T16:05:04.000Z,,http://twitter.com/PodoDotOrg/statuses/931553785272524800,,931553785272524800,http://www.twitter.com/PodoDotOrg
https://doi.org/10.12688/wellcomeopenres.12613.1,45a1ef76-4f43-4cdc-9ba8-5a6ad01cc231,2017-11-17T17:58:05Z,http://twitter.com/KebedeDeribe/statuses/931582227552591873,4b9be995-7df8-4142-b59a-61822a3d76a6,https://evidence.eventdata.crossref.org/evidence/20171117-twitter-465c883c-c460-481c-af2a-137a5e1e1b40,https://doi.org/10.13003/CED-terms-of-use,add,twitter,2017-11-17T17:58:45Z,discusses,http://twitter.com/KebedeDeribe/statuses/931582227552591873,,http://twitter.com/KebedeDeribe/statuses/931582227552591873,https://doi.org/10.12688/wellcomeopenres.12613.1,https://wellcomeopenresearch.org/articles/2-99/v1,https://creativecommons.org/publicdomain/zero/1.0/,,,,,Tweet 931582227552591873,2017-11-17T17:58:05.000Z,,http://twitter.com/PodoDotOrg/statuses/931553785272524800,http://www.twitter.com/PodoDotOrg,931582227552591873,http://www.twitter.com/KebedeDeribe
https://doi.org/10.12688/wellcomeopenres.12613.1,45a1ef76-4f43-4cdc-9ba8-5a6ad01cc231,2017-11-17T19:18:32Z,http://twitter.com/AHRI_ETH/statuses/931602474519220224,d0387480-c88e-4a3f-b6cf-71bb5e46a431,https://evidence.eventdata.crossref.org/evidence/20171117-twitter-f221b3d1-aa22-400f-aa0d-720f43a3c094,https://doi.org/10.13003/CED-terms-of-use,add,twitter,2017-11-17T19:19:05Z,discusses,http://twitter.com/AHRI_ETH/statuses/931602474519220224,,http://twitter.com/AHRI_ETH/statuses/931602474519220224,https://doi.org/10.12688/wellcomeopenres.12613.1,https://wellcomeopenresearch.org/articles/2-99/v1,https://creativecommons.org/publicdomain/zero/1.0/,,,,,Tweet 931602474519220224,2017-11-17T19:18:32.000Z,,http://twitter.com/PodoDotOrg/statuses/931553785272524800,http://www.twitter.com/PodoDotOrg,931602474519220224,http://www.twitter.com/AHRI_ETH
https://doi.org/10.12688/wellcomeopenres.12613.1,45a1ef76-4f43-4cdc-9ba8-5a6ad01cc231,2017-11-18T18:56:39Z,http://twitter.com/TayeBalcha/statuses/931959353296515073,7b5417df-3fe5-4e29-8b62-05ba84c58202,https://evidence.eventdata.crossref.org/evidence/20171118-twitter-67088452-5b4f-44c5-9e5b-b062f626ea61,https://doi.org/10.13003/CED-terms-of-use,add,twitter,2017-11-18T18:57:38Z,discusses,http://twitter.com/TayeBalcha/statuses/931959353296515073,,http://twitter.com/TayeBalcha/statuses/931959353296515073,https://doi.org/10.12688/wellcomeopenres.12613.1,https://wellcomeopenresearch.org/articles/2-99/v1,https://creativecommons.org/publicdomain/zero/1.0/,,,,,Tweet 931959353296515073,2017-11-18T18:56:39.000Z,,http://twitter.com/PodoDotOrg/statuses/931553785272524800,http://www.twitter.com/PodoDotOrg,931959353296515073,http://www.twitter.com/TayeBalcha
https://doi.org/10.12688/wellcomeopenres.12773.1,45a1ef76-4f43-4cdc-9ba8-5a6ad01cc231,2017-11-15T12:05:37Z,http://twitter.com/RCouture_Art/statuses/930768752056197121,a824cf57-f97a-4db8-a166-c8217c20af4f,https://evidence.eventdata.crossref.org/evidence/20171115-twitter-efd5b9fa-aebd-4011-9849-828c08c2e1ca,https://doi.org/10.13003/CED-terms-of-use,add,twitter,2017-11-15T12:09:46Z,discusses,http://twitter.com/RCouture_Art/statuses/930768752056197121,,http://twitter.com/RCouture_Art/statuses/930768752056197121,https://doi.org/10.12688/wellcomeopenres.12773.1,https://wellcomeopenresearch.org/articles/2-108/v1,https://creativecommons.org/publicdomain/zero/1.0/,,,,,Tweet 930768752056197121,2017-11-15T12:05:37.000Z,,http://twitter.com/createdhub/statuses/928230950332522496,http://www.twitter.com/createdhub,930768752056197121,http://www.twitter.com/RCouture_Art
https://doi.org/10.12688/wellcomeopenres.13113.1,45a1ef76-4f43-4cdc-9ba8-5a6ad01cc231,2017-11-14T15:17:19Z,http://twitter.com/jybleuyard/statuses/930454605854584833,b23a4145-faec-4b88-8006-5d0d4b545ae6,https://evidence.eventdata.crossref.org/evidence/20171114-twitter-f6b8d129-d266-4ec0-a6a4-96404d39ff20,https://doi.org/10.13003/CED-terms-of-use,add,twitter,2017-11-14T15:17:42Z,discusses,http://twitter.com/jybleuyard/statuses/930454605854584833,,http://twitter.com/jybleuyard/statuses/930454605854584833,https://doi.org/10.12688/wellcomeopenres.13113.1,https://wellcomeopenresearch.org/articles/2-110/v1,https://creativecommons.org/publicdomain/zero/1.0/,,,,,Tweet 930454605854584833,2017-11-14T15:17:19.000Z,,http://twitter.com/jybleuyard/statuses/930454605854584833,,930454605854584833,http://www.twitter.com/jybleuyard
https://doi.org/10.12688/wellcomeopenres.13113.1,45a1ef76-4f43-4cdc-9ba8-5a6ad01cc231,2017-11-14T15:18:50Z,http://twitter.com/Taka_Nojima/statuses/930454987204853760,546b561f-9fe5-483d-86ad-5e002a9de228,https://evidence.eventdata.crossref.org/evidence/20171114-twitter-88cf69f6-8ff1-4651-8fd8-620888c5728b,https://doi.org/10.13003/CED-terms-of-use,add,twitter,2017-11-14T15:19:09Z,discusses,http://twitter.com/Taka_Nojima/statuses/930454987204853760,,http://twitter.com/Taka_Nojima/statuses/930454987204853760,https://doi.org/10.12688/wellcomeopenres.13113.1,https://wellcomeopenresearch.org/articles/2-110/v1,https://creativecommons.org/publicdomain/zero/1.0/,,,,,Tweet 930454987204853760,2017-11-14T15:18:50.000Z,,http://twitter.com/jybleuyard/statuses/930454605854584833,http://www.twitter.com/jybleuyard,930454987204853760,http://www.twitter.com/Taka_Nojima
https://doi.org/10.12688/wellcomeopenres.13113.1,45a1ef76-4f43-4cdc-9ba8-5a6ad01cc231,2017-11-14T16:18:34Z,http://twitter.com/jybleuyard/statuses/930470019439448064,8c9c682a-aeb3-4360-9776-b396a803f573,https://evidence.eventdata.crossref.org/evidence/20171114-twitter-467c2cd0-ce18-4282-ae70-fcd22c357d91,https://doi.org/10.13003/CED-terms-of-use,add,twitter,2017-11-14T16:18:54Z,discusses,http://twitter.com/jybleuyard/statuses/930470019439448064,,http://twitter.com/jybleuyard/statuses/930470019439448064,https://doi.org/10.12688/wellcomeopenres.13113.1,https://wellcomeopenresearch.org/articles/2-110/v1,https://creativecommons.org/publicdomain/zero/1.0/,,,,,Tweet 930470019439448064,2017-11-14T16:18:34.000Z,,http://twitter.com/jybleuyard/statuses/930470019439448064,,930470019439448064,http://www.twitter.com/jybleuyard
https://doi.org/10.12688/wellcomeopenres.13113.1,45a1ef76-4f43-4cdc-9ba8-5a6ad01cc231,2017-11-14T18:41:26Z,http://twitter.com/Tony7doc/statuses/930505971562139650,342b974b-29e4-4004-bfa1-dcbdf5672395,https://evidence.eventdata.crossref.org/evidence/20171114-twitter-69fc59c4-9479-4a3e-85fd-b00c8dad2007,https://doi.org/10.13003/CED-terms-of-use,add,twitter,2017-11-14T18:41:57Z,discusses,http://twitter.com/Tony7doc/statuses/930505971562139650,,http://twitter.com/Tony7doc/statuses/930505971562139650,https://doi.org/10.12688/wellcomeopenres.13113.1,https://wellcomeopenresearch.org/articles/2-110/v1,https://creativecommons.org/publicdomain/zero/1.0/,,,,,Tweet 930505971562139650,2017-11-14T18:41:26.000Z,,http://twitter.com/jybleuyard/statuses/930470019439448064,http://www.twitter.com/jybleuyard,930505971562139650,http://www.twitter.com/Tony7doc
https://doi.org/10.12688/wellcomeopenres.13113.1,45a1ef76-4f43-4cdc-9ba8-5a6ad01cc231,2017-11-14T20:46:42Z,http://twitter.com/KingaKGdula/statuses/930537495846060033,5c24bc1b-66ec-4bf6-bf81-38b6da0fccc6,https://evidence.eventdata.crossref.org/evidence/20171114-twitter-0196a310-7aa2-42c2-bd7b-0a4af2ccd281,https://doi.org/10.13003/CED-terms-of-use,add,twitter,2017-11-14T20:47:05Z,discusses,http://twitter.com/KingaKGdula/statuses/930537495846060033,,http://twitter.com/KingaKGdula/statuses/930537495846060033,https://doi.org/10.12688/wellcomeopenres.13113.1,https://wellcomeopenresearch.org/articles/2-110/v1,https://creativecommons.org/publicdomain/zero/1.0/,,,,,Tweet 930537495846060033,2017-11-14T20:46:42.000Z,,http://twitter.com/jybleuyard/statuses/930470019439448064,http://www.twitter.com/jybleuyard,930537495846060033,http://www.twitter.com/KingaKGdula
https://doi.org/10.12688/wellcomeopenres.13113.1,45a1ef76-4f43-4cdc-9ba8-5a6ad01cc231,2017-11-14T22:50:06Z,http://twitter.com/Dunn_School/statuses/930568551211110400,c0a92267-bbc0-4d38-998d-95e3a94d5933,https://evidence.eventdata.crossref.org/evidence/20171114-twitter-9b6c67d0-f884-4585-8a62-37e0e362670a,https://doi.org/10.13003/CED-terms-of-use,add,twitter,2017-11-14T22:51:35Z,discusses,http://twitter.com/Dunn_School/statuses/930568551211110400,,http://twitter.com/Dunn_School/statuses/930568551211110400,https://doi.org/10.12688/wellcomeopenres.13113.1,https://wellcomeopenresearch.org/articles/2-110/v1,https://creativecommons.org/publicdomain/zero/1.0/,,,,,Tweet 930568551211110400,2017-11-14T22:50:06.000Z,,http://twitter.com/jybleuyard/statuses/930470019439448064,http://www.twitter.com/jybleuyard,930568551211110400,http://www.twitter.com/Dunn_School
https://doi.org/10.12688/wellcomeopenres.13113.1,45a1ef76-4f43-4cdc-9ba8-5a6ad01cc231,2017-11-14T22:59:40Z,http://twitter.com/CNieduszynski/statuses/930570958330613760,09e67a16-3a0c-40ba-bae5-ec780559fb1d,https://evidence.eventdata.crossref.org/evidence/20171114-twitter-3cf0666e-bc11-46bb-9823-ed207c5c05a6,https://doi.org/10.13003/CED-terms-of-use,add,twitter,2017-11-14T23:00:00Z,discusses,http://twitter.com/CNieduszynski/statuses/930570958330613760,,http://twitter.com/CNieduszynski/statuses/930570958330613760,https://doi.org/10.12688/wellcomeopenres.13113.1,https://wellcomeopenresearch.org/articles/2-110/v1,https://creativecommons.org/publicdomain/zero/1.0/,,,,,Tweet 930570958330613760,2017-11-14T22:59:40.000Z,,http://twitter.com/jybleuyard/statuses/930470019439448064,http://www.twitter.com/jybleuyard,930570958330613760,http://www.twitter.com/CNieduszynski
https://doi.org/10.12688/wellcomeopenres.13113.1,7750d578-d74d-4e92-9348-cd443cbb7afa,2017-11-14T20:44:36Z,https://esashilab.wordpress.com/2017/11/14/a-new-link-to-palb2-associated-cancer-published-in-wellcome-open-res-today/,b73af11f-f57f-4abd-8eb9-dc2cd7716fb8,https://evidence.eventdata.crossref.org/evidence/20171115-wordpressdotcom-77fa4870-e513-4378-b011-148162306b36,https://doi.org/10.13003/CED-terms-of-use,add,wordpressdotcom,2017-11-16T14:53:20Z,discusses,https://esashilab.wordpress.com/2017/11/14/a-new-link-to-palb2-associated-cancer-published-in-wellcome-open-res-today/,,https://esashilab.wordpress.com/2017/11/14/a-new-link-to-palb2-associated-cancer-published-in-wellcome-open-res-today/,https://doi.org/10.12688/wellcomeopenres.13113.1,https://wellcomeopenresearch.org/articles/2-110/v1,https://creativecommons.org/publicdomain/zero/1.0/,,,,post-weblog,"A new link to PALB2-associated cancer, published in Wellcome Open Res today",,,,,,
